"ID","Type","Name","Documentation","Source","Target","Specialization"
"id-4514ae579163441fb7f15d43e8e83cdd","AccessRelationship","","Customers (active structure) purchase Products (passive structure)","id-9a0b11e4b0be41aa9df89c97d73d6de3","id-4f7feb7dc42a42bbaa63da3e207c94ef",""
"id-ce7804e80a1c4c2c9b1010824f8d84dc","AccessRelationship","","The Checkout Process (application layer, behavioral aspect) accesses and updates Sales Data (application layer, passive structure)","id-399b58d1c4e24e879da91409e25128c3","id-7e6cc8b23db64f31a8f717cfa272564b",""
"id-2dd163ba45254b6bb6135352cdfa4640","AccessRelationship","","The Data Protection Process (technology layer, behavioral aspect) accesses and updates Security Data (technology layer, passive structure)","id-e97f4f47ace2400e8022187c9897180b","id-bd4773a6cfea467bb7847b3a12976641",""
"id-5678ba86ec144ca195a2e697a76f1a56","AccessRelationship","","Employees (active structure) handle Products (passive structure)","id-e4e9e671a22e4422a29552ed07a26abb","id-4f7feb7dc42a42bbaa63da3e207c94ef",""
"id-3650d1ae2e5f4b19a3d2939e8e8961bc","AssociationRelationship","","","id-4f7feb7dc42a42bbaa63da3e207c94ef","id-f2e38f9ee98e40fa913b87a54771f3dc",""
"id-f826a0f1252d40e4830bc548f229c855","AssociationRelationship","","Employees (active structure) assist in the Sales Process (behavioral aspect)","id-e4e9e671a22e4422a29552ed07a26abb","id-f2e38f9ee98e40fa913b87a54771f3dc",""
"id-9835b27c2c174bb1852b337210557ce6","AssociationRelationship","","","id-e4e9e671a22e4422a29552ed07a26abb","id-4f7feb7dc42a42bbaa63da3e207c94ef",""
"id-47409ddb691c4689a4b87c568693a3d8","AssociationRelationship","","The Information System (application layer, active structure) interacts with the Security System (technology layer, active structure) to ensure secure transactions","id-8e78abb9c6254792ba32c6a0b4409648","id-8ff06a9e6dbc43abb36b6d9161786483",""
"id-53db0daa81374c2da1e7dbd6ad9202a0","AssociationRelationship","","Robots (technology layer, active structure) interact with the Information System (application layer, active structure) for coordination of tasks","id-8e78abb9c6254792ba32c6a0b4409648","id-dac5ff7798574e219cd97f1ce1dcc65d",""
"id-56149652417a434e947e95c14c74d3b6","FlowRelationship","","Robots (technology layer, active structure) assist in the Sales Process (business layer, behavioral aspect).","id-dac5ff7798574e219cd97f1ce1dcc65d","id-f2e38f9ee98e40fa913b87a54771f3dc",""
"id-d77a7dcee26a432da23580d87edfd283","RealizationRelationship","","The Sales Process (business layer, behavioral aspect) is realized by the Checkout Process (application layer, behavioral aspect)","id-399b58d1c4e24e879da91409e25128c3","id-f2e38f9ee98e40fa913b87a54771f3dc",""
"id-f879635c56d6473884e0b06f7e9d0e02","RealizationRelationship","","","id-399b58d1c4e24e879da91409e25128c3","id-7a25c0a07f834695bbb8ebca944a31b3",""
"id-272a671cc81d4fcbb4c8256779cc7a5d","RealizationRelationship","","The Information System (application layer, active structure) realizes the Checkout Process (application layer, behavioral aspect).","id-8e78abb9c6254792ba32c6a0b4409648","id-399b58d1c4e24e879da91409e25128c3",""
"id-eb27cfd080ce42298eb52545f4b5e6b9","RealizationRelationship","","The Security System (technology layer, active structure) realizes the Data Protection Process (technology layer, behavioral aspect)","id-8ff06a9e6dbc43abb36b6d9161786483","id-e97f4f47ace2400e8022187c9897180b",""
"id-cebe5f0a8154430b8ded3a896e2d9d42","ServingRelationship","","Customers (active structure) use the Sales Process (behavioral aspect)","id-f2e38f9ee98e40fa913b87a54771f3dc","id-9a0b11e4b0be41aa9df89c97d73d6de3",""
"id-f38d8633b6e34f8cacde1e47860fa810","ServingRelationship","","","id-e4e9e671a22e4422a29552ed07a26abb","id-8e78abb9c6254792ba32c6a0b4409648",""
"id-6fe5f68f1b9c48fbba4463c48a917425","ServingRelationship","","The Information System (application layer, active structure) is used by Employees (business layer, active structure)","id-8e78abb9c6254792ba32c6a0b4409648","id-e4e9e671a22e4422a29552ed07a26abb",""
"id-b2c3e54bdf9440d6a675dd487948e395","ServingRelationship","","The Security System (technology layer, active structure) is used by Employees (business layer, active structure)","id-8ff06a9e6dbc43abb36b6d9161786483","id-e4e9e671a22e4422a29552ed07a26abb",""
"id-7fb159d64ac44da4a1fdff8f2f9f57fb","ServingRelationship","","Robots (technology layer, active structure) are used by Employees (business layer, active structure)","id-dac5ff7798574e219cd97f1ce1dcc65d","id-e4e9e671a22e4422a29552ed07a26abb",""